"Wavelength","UV_normalized","blue_normalized","light_blue_normalized","white_normalized","green_normalized","orange_normalized","red_normalized","red_2_normalized","far_red_normalized"
328.1,-0.0865665178442256,-0.0534263719636988,-0.0738872873764151,0.0109793614453671,-0.26400903622827,-0.096770700744618,-0.124363064765673,-0.00969781594018184,-0.0625278972019521
330,-0.0452406458400133,-0.0136334059549415,-0.0550883829541567,0.016085184482384,-0.205960308776813,-0.0665440266814871,-0.0924387417419146,0.01715791419683,-0.0544629795078469
331.9,-0.0532729511649127,-0.0223359569493415,-0.0494240768816862,0.0133924132727748,-0.178175537022067,-0.0511034702197943,-0.0789218840213248,-0.0151362933656932,-0.0422903838947847
333.7,-0.034297710401573,-0.0165371532103848,-0.0318197660285767,0.0124388004697097,-0.143981375861686,-0.0462441426945529,-0.0666795973715841,0.000889410833487407,-0.0363192975416901
335.6,-0.0315201038865239,-0.018237476012869,-0.0292428409159821,0.0113171204670584,-0.121234681657636,-0.033612892235392,-0.0507975222053254,-0.00220693807266695,-0.0313050251482585
337.5,-0.0367415801304294,-0.0177155149816508,-0.0328696803542154,0.0052620711077776,-0.101834643726523,-0.032811726303853,-0.0428987856102432,0.00306253130772154,-0.0252750691746831
339.4,-0.0220226278473313,-0.0127422553890503,-0.0204315267638243,0.00533984991087269,-0.0817064324987157,-0.0275339250381054,-0.0349844399505716,0.0071957933384001,-0.0201048856295903
341.3,-0.0214430440731476,-0.00899051447616064,-0.0181639312482458,0.00547757728491732,-0.0729873235062428,-0.0212554785423109,-0.0300499450928942,-0.00435183724135313,-0.0181447835249407
343.2,-0.0175387370123032,-0.0069190026675572,-0.0177508345621926,0.00565035588980846,-0.0629541471794353,-0.0193481629262783,-0.0234932073436082,-0.00186060749013505,-0.0145558702210493
345,-0.0151576012658293,-0.00863728111956405,-0.0172585212598993,0.00546153413754261,-0.0553452853769838,-0.0177348012585848,-0.020620927954218,0.00353765657364654,-0.0124414687191696
346.9,-0.00842910943025672,-0.00754782653904374,-0.0106130072043782,0.00516569037684044,-0.0434460042419204,-0.0132838718438867,-0.0191288663533245,0.00505872897975273,-0.011113788905369
348.8,-0.0101095045934962,-0.0061572040465185,-0.0098727404870613,0.0039200516759927,-0.041654768126176,-0.0140873323382808,-0.0159248837661624,0.00149021284819823,-0.0105689695262262
350.7,-0.00760727870532815,-0.00366796107961519,-0.00838098125333776,0.00412361687761809,-0.0356034897912897,-0.0104901279755702,-0.014230136981041,0.00466059271451523,-0.0087764319056355
352.6,-0.00858811107529657,-0.00455497412538479,-0.00677248006930619,0.00348396237634152,-0.0324474922639008,-0.00852670916180788,-0.0114678613110674,0.00200435227023486,-0.00749562051924934
354.5,-0.00548403451590358,-0.00226647017299077,-0.00654149255743957,0.00310514102048359,-0.0303996088722508,-0.00835450335545411,-0.010100608775407,0.00127995212980974,-0.00668055978203594
356.4,-0.00793423764361905,-0.00313004387032063,-0.00669181650162536,0.00248888108348001,-0.0257787779184744,-0.00742661394266953,-0.00996370162759238,-0.000505025459338423,-0.00672956175488439
358.2,-0.00669653594939967,-0.00419748446818469,-0.0062127324696476,0.00306009836114549,-0.0266683977066798,-0.00763364712384393,-0.0104837288241502,0.000781482327850733,-0.0065836689904785
360.1,-0.00313185462456418,-0.00241611378351107,-0.0052300616345909,0.00294994895436017,-0.0236655565023837,-0.00714027067310714,-0.00865249790109454,0.00131568845723166,-0.0058439548740813
362,-0.00265400523626341,-0.00142184196253324,-0.00437734611959243,0.00308008121812867,-0.0214799322650443,-0.00542187027907114,-0.00855431730783708,0.00234004989628552,-0.00508836671584085
363.9,-0.00418922111969224,-0.00269320885117248,-0.00440477459470567,0.00265662335856238,-0.0207233485006711,-0.00575110597111321,-0.00707280980346137,0.00104290915261512,-0.00493113369363898
365.8,-0.000531716612280725,-0.00153822703810525,-0.00394636129759584,0.00245452031720406,-0.0195460840732632,-0.00527909621706187,-0.00661037540212981,0.000992782357774977,-0.00448070050923974
367.7,-0.00152526022487148,-0.00294171741617596,-0.00448103370580309,0.00258408396309093,-0.0197282559858159,-0.00430002214969747,-0.0066719867912205,0.00237322791838865,-0.0045394657715199
369.5,0.000488071716283761,-0.00164730711403684,-0.00430164352827992,0.00252616617029009,-0.0176094220651946,-0.00448682455639192,-0.00629250462744942,0.00125300997692118,-0.00391705027257064
371.4,0.00305598717296864,-0.00136013550215598,-0.0043618271678762,0.00258688643693613,-0.0169630309773729,-0.00449501455549357,-0.00584504477588655,0.00274322282511941,-0.0041034340188002
373.3,0.00726847520004826,-0.00021903120873086,-0.00295020678317914,0.0023724768799967,-0.0159265178765212,-0.00484441286668326,-0.00596147824548636,0.00243854465105914,-0.00341802095276962
375.2,0.0132039810535661,-0.00233439281192385,-0.00367500225047561,0.00233961888955079,-0.0158799991395092,-0.00453170484273122,-0.00607983641004232,0.00123270342845324,-0.00370898321133242
377.1,0.0232961299119433,-0.00226712346564154,-0.00396569638498001,0.00189349754584504,-0.0157134544969837,-0.00377240900368692,-0.00619990776461418,0.00129690090254676,-0.00364500003902343
378.9,0.0436824297186227,-0.000802362155627417,-0.00308773077231208,0.00203687048314304,-0.0151517199465017,-0.00336558982500922,-0.00555524070677546,0.000582574089314403,-0.00354754107504063
380.8,0.0758599848516181,-0.00176038613286101,-0.00357541701010797,0.00158896205466644,-0.0146365192610763,-0.00358016552962813,-0.00541695877684929,0.00123086464650536,-0.00349994214022214
382.7,0.135909806130406,-0.00171946625682642,-0.00312469958659513,0.00184764257524746,-0.0134870753076084,-0.00349693650963116,-0.00538227196665062,0.000462413686372239,-0.00314032378103566
384.6,0.239541144972662,-0.000373782379975358,-0.0016182164294195,0.00234961031804238,-0.0134571369074305,-0.00313570188906017,-0.00481884395635646,0.00208070169459265,-0.00268307252753208
386.5,0.408711561885861,-0.000732242077778113,-0.00264178351838415,0.00277944482099557,-0.0135691600773734,-0.00335068652567306,-0.00428308079224514,0.00186084733125869,-0.00293281329686717
388.4,0.686570436629217,-0.000718087403678098,-0.00224527112192117,0.00239587144426969,-0.0127998990116616,-0.00273825406857784,-0.00522890973448563,0.00225930338466105,-0.00283876336743654
390.2,1.12211338722523,-0.00035248108021086,-0.00152596134964735,0.00279512242830351,-0.0126899332557785,-0.00228490751636287,-0.00488070915137543,0.00179145329948637,-0.00260344722049224
392.1,1.77832750978633,-0.000519506234591036,-0.00133280128258907,0.0027967064352595,-0.0134470918858448,-0.00264134854522665,-0.00471309148623856,0.0031852500159825,-0.00255814416608643
394,2.71075026779511,0.000170291617634025,-0.000163839424676367,0.00266799571619508,-0.0127431839726183,-0.00233778469502888,-0.00439099061275345,0.0030499796222512,-0.00255114057129219
395.9,3.88435796556111,0.000670397040171894,0.00112868572605078,0.00335504857946224,-0.0115946779579128,-0.00242854487924832,-0.00416133854864542,0.00527314694428426,-0.00237122703349837
397.8,5.08887931649482,0.00082526699189835,0.00254068772431463,0.00368720265346311,-0.012001244155376,-0.00239167284445779,-0.0040193341317711,0.00567240246809874,-0.00260995221499484
399.6,5.95290603354102,0.000813250366473582,0.00375553861363417,0.00402674875992524,-0.0112523908217714,-0.00285302764822154,-0.00419380455697161,0.00700695842705652,-0.00243659005312609
401.5,6.1131943585596,0.00208489440957072,0.00540027718594577,0.0046994643294626,-0.0109819316411854,-0.00122311559399397,-0.00405863174966691,0.00776301759580173,-0.0023691746555537
403.4,5.49073680746808,0.0018987060041013,0.00456673775267864,0.0050954660684585,-0.0111697463143577,-0.00205140734780033,-0.00377754168409353,0.00658659688436198,-0.00233739178580036
405.3,4.42061906930384,0.00187429661505889,0.0036064072118446,0.00460702330813391,-0.0106953308370574,-0.00250150516250757,-0.00410186335945111,0.00680437262462442,-0.00256732768773716
407.2,3.38299500065424,0.00354819076030737,0.0031167652045189,0.00434143814184732,-0.010345873007796,-0.0020000977417779,-0.00419869032109106,0.00560053007804884,-0.00250362280396304
409,2.62437159633879,0.00518348124891943,0.00322679711627749,0.00467375467810009,-0.0101166377486273,-0.00174404951743619,-0.00393094621724655,0.00553465371608986,-0.00196666507593029
410.9,2.10539378252105,0.00648222703865003,0.00130527740408414,0.00462144183298966,-0.00979059813233975,-0.00195446774678297,-0.00359905266502853,0.00459711476379262,-0.00200738796486635
412.8,1.68787968511923,0.00909814938956173,0.00114794131060853,0.00432718207924347,-0.0101078634827843,-0.0022749795562868,-0.00384573087682555,0.00346538444839058,-0.00204815723522488
414.7,1.30195902569597,0.0124030975195658,0.000852333901431675,0.00495497683613165,-0.00979814702657358,-0.00180175436547558,-0.00317265870551315,0.00335921477766057,-0.00227340861349137
416.5,0.957385905167768,0.0197460277272317,0.000985024118718581,0.00492252500131547,-0.00970597185108918,-0.0018963539667496,-0.00342219223400335,0.00332755574934048,-0.0021911627560815
418.4,0.689780692064921,0.0295762806173426,0.00083689445254185,0.00518774462753529,-0.00839252476658126,-0.00165854865302822,-0.00332289066456264,0.0021755188854705,-0.00211158383046413
420.3,0.506854132829909,0.043283667015797,0.00138344458301553,0.00603543204236437,-0.00893317082295112,-0.00208370161610269,-0.00363911170070919,0.00271460178436539,-0.0021242807448676
422.2,0.387309784906332,0.064366054352046,0.00151036289510469,0.00710804844494313,-0.00866451187966743,-0.0013061287887719,-0.00333915539446677,0.00331596342836469,-0.00178167277237508
424.1,0.305422493251418,0.0905695631841864,0.00177269042114416,0.00848467233638182,-0.00860487712802465,-0.00140523800120176,-0.00324850437708171,0.00370474588978035,-0.00162195834407061
425.9,0.237786015702886,0.131554115191201,0.0023036261965099,0.0101751326829201,-0.00865051843845242,-0.00128903315957913,-0.0030936827608291,0.00497702310363371,-0.00169973998956694
427.8,0.180384421822806,0.185574825093125,0.00309911557705473,0.0125151983436636,-0.00810740651081981,-0.00128176325746393,-0.00234061942111952,0.00555911751070084,-0.0018358578691855
429.7,0.132945019901007,0.258914131157953,0.00509447751442248,0.0160638206962597,-0.00806657591856109,-0.00159414186397638,-0.00332690925842712,0.00748720030361912,-0.00188460474421033
431.6,0.0959548816434257,0.358198182774977,0.0077410789040874,0.0200840303505461,-0.00754089149825787,-0.00179863057941045,-0.00344454830618628,0.00839387969800839,-0.00178959240026327
433.4,0.071648230165459,0.487378885765931,0.0109013798563512,0.0252171064303185,-0.00799907458374878,-0.00147541527505754,-0.00270523278759202,0.00949810823123338,-0.00169631935965915
435.3,0.0546953436588422,0.654966663695648,0.0143089345987662,0.0325625528408443,-0.00777735796272475,-0.00147038313968717,-0.00289328182995568,0.0135985919750149,-0.00191976186244898
437.2,0.0428587545301668,0.881523605795907,0.0194188038603827,0.0415628397491803,-0.00794836537839448,-0.00146605527608422,-0.0029503458628313,0.0177458447379056,-0.001799842694631
439.1,0.0338033052864302,1.20364419685079,0.0270127071322104,0.0554194076756212,-0.00754167815657483,-0.00135792684134269,-0.00281214853488122,0.0238669899483293,-0.00156735581445788
440.9,0.0255113306083106,1.6642812408436,0.0376061248401598,0.0744143723205841,-0.00694678293242439,-0.00145928517973944,-0.00261039397239029,0.0329460157895275,-0.00133653866549399
442.8,0.019806938257017,2.29123392380435,0.0513213641323882,0.102266900785593,-0.00664552305312086,-0.00114454385503955,-0.0027360702078784,0.0447745802721009,-0.00139093247870556
444.7,0.0148333534666991,3.06288142647209,0.069725855032801,0.13969048666541,-0.00750128627760825,-0.00114286269017541,-0.00195145033108564,0.060271115005497,-0.00130385135800232
446.6,0.011429051578936,3.86537424062966,0.0952990362882425,0.185629775171721,-0.00691589146543946,0,-0.00253382918402493,0.0798252019215436,-0.00141552622797475
448.4,0.00944434215613313,4.51105108283136,0.126460677919755,0.235624202716476,-0.00652523997084998,-0.00020733988016988,-0.00246642255957178,0.0933667117091328,-0.00124443675580745
450.3,0.00718325209610307,4.7943108575064,0.168044011154159,0.278073111587496,-0.00536944223866817,-0.000828689326578276,-0.0026590189581505,0.102430707506583,-0.00138474055880469
452.2,0.00774163565094813,4.62277204481181,0.223304994744463,0.304173687743623,-0.00488687274535175,-0.000828155443141691,-0.00187955980189949,0.102496104186295,-0.00124263947568641
454.1,0.00619008626519865,4.07024087688701,0.290928508836672,0.308056332486117,-0.00536319435626622,0,-0.00187858687917441,0.0930522000490035,-0.00127021323134984
455.9,0.00759372300952462,3.35969999316265,0.377173333937493,0.290589122242419,-0.00516946461767222,-0.000103425716810758,-0.00161877421058875,0.0779812234159807,-0.00129790294056946
457.8,0.00477958278316237,2.71380934609343,0.488160710663936,0.261686437781156,-0.00449779456739618,-0.000103380279922538,-0.00116511726427697,0.06509312079622,-0.00112821650643213
459.7,0.00379446147993152,2.23788762968224,0.636656725864788,0.234167241241475,-0.00468784819116288,-0.000516776448170083,-0.00200601860566648,0.0535946576468124,-0.00129707967032047
461.5,0.00393404070180368,1.91244197700241,0.840762265046948,0.215019602695293,-0.00487800771124149,-0.000103334843034318,-0.00161735712748917,0.0470233306473219,-0.000817530547960384
463.4,0.00407370881348439,1.6748499321933,1.12104359636445,0.205346112830664,-0.00449448152563824,-0.000516549263728983,-0.00148766229813657,0.0424892141520047,-0.00121193497400569
465.3,0.00435384504512274,1.45946983751036,1.50196564757307,0.200148051850133,-0.00382439992004066,0.000309868218438293,-0.00168140082339257,0.0390068809308771,-0.00115536123393763
467.2,0.00365101555138753,1.23796482727525,1.98727013969521,0.195322557428763,-0.00296341752018119,-0.000413100828474116,-0.00161646880674018,0.0355265463857798,-0.00104246885162514
469,0.00435251169799452,1.01492438134336,2.55543549861465,0.186691587834549,-0.00152929402424391,0.00020652201618192,-0.0019394791514683,0.0309993053360068,-0.000873292613135074
470.9,0.0050538745098887,0.808477172806093,3.13976537220081,0.1744786911261,-0.00114681167371509,-0.000103243969257878,-0.00122818803745529,0.028374164290758,-0.00115485103829037
472.8,0.00547441219412828,0.638234057202201,3.63687746509648,0.16050413498922,0.000860014205007838,0.000619407019436991,-0.000840245676074777,0.0262741953592332,-0.000619609422889314
474.6,0.00561421364052181,0.50796512702904,3.9401791578138,0.147477464861025,0.00267533416768661,0.000825792724954252,-0.00155105032872524,0.0233234300151265,-0.000788507372844508
476.5,0.00575410397672389,0.414404117000231,3.98125349805293,0.139284940269115,0.00535022962208107,0.000309641033997193,-0.00122780732856286,0.0207010871163202,-0.000901086680555271
478.4,0.00505203004636133,0.346846728049174,3.77462088203033,0.135820310900749,0.00964884835484281,0.000516038098736508,-0.00090464893037658,0.0186689932227846,-0.000563140041021828
480.2,0.00519207593972837,0.294593808263487,3.39569610082691,0.135983016846023,0.0134694360076552,0.000722412445031714,-0.00064614759242038,0.0165064257579905,-0.000703884467532617
482.1,0.0049112063671695,0.249791988111036,2.96009057455907,0.139130926054318,0.0196779098535309,0.000928786791326919,-0.000775334809916409,0.0145407678557024,-0.000675696158021352
484,0.00477073824721186,0.206889863800036,2.55279282466461,0.1433135979605,0.0267457625265432,0.000928752713660754,-0.000452261013706219,0.0134267857834495,-0.000675672967310113
485.8,0.00322716672177954,0.168592007514433,2.21257160941662,0.147889144207329,0.0366788063264295,0.00113510434151185,-0.000904500876918415,0.0113305743628617,-0.000675661371954494
487.7,0.00336736817231154,0.135302292689632,1.93758246324227,0.152738926735358,0.0480438859521042,0.00103188309069808,-0.00109828170316246,0.0113301746276556,-0.000788240679665257
489.6,0.00224482322506581,0.108913882240577,1.70672056584139,0.1576915884844,0.0638967151235894,0.000722287493589109,-0.000969031034184358,0.00969253943546182,-0.00064746146708761
491.4,0.00322674449518894,0.0875318513418413,1.5007118880005,0.164302583669668,0.0828984921537001,0.000825417870626437,-0.000775186756458244,0.00916800689806759,-0.000731864060642728
493.3,0.00224448988828376,0.0714263464028924,1.30302143188178,0.171195978864294,0.106956606284287,0.000825349715294107,-0.000904310522472203,0.00838148790662047,-0.000703652560420225
495.1,0.00238449133674652,0.0591088500173245,1.11196039844652,0.179415797114523,0.138549046341795,0.000618941291332736,-0.0011625369040061,0.0065472629400855,-0.000647287536753316
497,0.00182310775086297,0.0494969156530527,0.93417395193779,0.188553283394585,0.178145129652507,0.000618827699112186,-0.000968608024303887,0.00634971380124978,-0.000393929016464905
498.9,0.00154228262320838,0.0413732611342228,0.77487588771191,0.197336439503262,0.228882473169677,0.000412464712039036,-0.00142029797467147,0.00706819786062518,-0.000506369179908233
500.7,0.00154183817416564,0.0358192837653288,0.641487794614731,0.206154281302719,0.294750130450301,0.000721594581043754,-0.000258162930051822,0.00713151591726536,-0.000506218440285178
502.6,0.00112092270823973,0.0299961102308237,0.531279227575852,0.214062700031627,0.376195740332813,0.00144266663787298,-0.000903231847277,0.00569007076420667,-0.000899614070391581
504.5,0.00056020579592029,0.0248505991426369,0.443726898991807,0.221634456359044,0.481953479342066,0.000515004409529504,-0.0018056599757811,0.00588370249802299,-0.000674409073547576
506.3,0.00111983380808502,0.0209229245392202,0.373755666435558,0.228097407817272,0.618063067986903,0.000823577676653527,-0.00122463475445933,0.00522717739558716,-0.000926828370030799
508.2,0.000839364239664615,0.0176725560406759,0.318629360633202,0.234286975921122,0.786349099721318,0.000720197396730989,-0.00173920512355901,0.00444041856301641,-0.00070171613603175
510,0.00125819079508965,0.016582032435818,0.271331857153599,0.240359693050297,0.996139375538569,0.00113096958468383,-0.000579354332293914,0.00456793409375011,-0.000308552413037739
511.9,0.000698473893116373,0.0126630090108372,0.22952720395102,0.246251630308674,1.24864534924676,0.0009246520344989,-0.000900524584041982,0.00580343566864579,-0.000644666986383285
513.8,0.0013958366636259,0.0110376762859627,0.194379640415488,0.251288813044265,1.53956294088905,0.00123188491342043,-0.000257084254856619,0.00560332822449127,-0.000308077003457336
515.6,-0.000278936219222955,0.00887664358745674,0.1629059024886,0.257376598547303,1.86110347672538,0.00153858390890538,-0.000899065199954355,0.00514299316119055,-0.000391772280319658
517.5,0.000139356997350793,0.00819735780788498,0.136137873254965,0.263478965037448,2.19282216093951,0.00133233451405278,-0.000769983734928443,0.00533390669560565,-0.000503284815313418
519.3,0.000139245885090108,0.0068480313295872,0.114455290014672,0.269903250479725,2.51003002481478,0.00204810181418232,-0.000512920630565848,0.00623954677845916,-0.000642568227016136
521.2,-0.000834830859428678,0.00657465805036048,0.0965571049140013,0.275842342406715,2.77699916552147,0.00245590924517881,-0.00102507984334685,0.00558550003430092,-0.000725846071076152
523,0.00111241150907128,0.00777738961717489,0.0816611055444202,0.283139659375117,2.97263503772963,0.00214757452171794,-0.00108846787393552,0.00512764332927778,-0.00080908912906931
524.9,0.00125090183078873,0.00589735194548802,0.0689866059516622,0.289476946281503,3.06701588211041,0.00235102954794501,-0.000959978622742266,0.00629311129607144,-0.00066928392636371
526.7,0.000277913986424656,0.00589592657970452,0.059945830741905,0.295808547009074,3.05284090436071,0.00194167726274904,-0.000959745967308007,0.00557806495946817,-0.000892169852083794
528.6,0.000416870979636984,0.00455612233671038,0.0504080833642266,0.302261182114307,2.93887831910565,0.00194175677730343,-0.00127971064089673,0.004929694455236,-0.000947966703325342
530.4,0.00069507385793942,0.00428979669941318,0.0428184255433296,0.308809263792528,2.74659028315791,0.00224922819988812,-0.00115217316193454,0.00558046337070454,-0.00069729830554068
532.3,-0.00027824732320671,0.00241496557218548,0.0358830441826987,0.313899084297733,2.50909965007454,0.00133016490264028,-0.00128123347646643,0.00506544453121457,-0.00092118143184405
534.2,-0.000278625104893038,0.00268679470514674,0.0303723693719929,0.319570357202473,2.26153525212081,0.00122945403990066,-0.00147535271061485,0.00474693551902457,-0.000866486139386364
536,-0.000976987885748726,0.00242264671001877,0.0253793692652067,0.324959717484611,2.02273453037883,0.00102646474177785,-0.00154237862617557,0.00449526223328808,-0.000700092786245005
537.9,-0.000839542019281711,0.00202397981907318,0.0214191744758146,0.330059529418308,1.80970745814821,0.00102905464440639,-0.00161069472187174,0.0033963102047831,-0.000870301011385215
539.7,-0.0011230116187406,0.00175979223045122,0.0183630540272852,0.336393160924027,1.62397894232028,0.000929150286432679,-0.00135737525495132,0.00406250889920563,-0.00104212099095655
541.6,-0.00126847979042906,0.00190282372747585,0.0143836513550312,0.342378554592807,1.4632042872692,0.000932898829710829,-0.00155754353039048,0.00407897798969537,-0.00107461117740269
543.4,-0.000708162882248082,0.00163899248029977,0.0126145226605104,0.348666290512366,1.32160231076758,0.000729148463710328,-0.00136953678901488,0.00416508095308107,-0.000937785981091327
545.3,-0.000854764398995519,0.00137377546083417,0.0103089883961666,0.35524077230652,1.19226781687749,0.000733396812758897,-0.00203347194690909,0.00352430541776408,-0.00108616015159982
547.1,-0.00143428150582282,0.00193635941688204,0.0090484551827889,0.362258451123846,1.0700292835672,0.000632901775238329,-0.00257564371070955,0.00401693908571459,-0.0013237721789568
548.9,-0.00216824465500189,0.00125453965369517,0.00643712124692175,0.369487330868637,0.952346409594739,0.000425232477628854,-0.00226299710805298,0.00296883337542066,-0.00139213839569
550.8,-0.00145832619903499,0.00154695740352918,0.00568249631915431,0.377079273130852,0.841272827008683,-0.000107253774643292,-0.00221593725885052,0.0036758850079027,-0.00137523236719662
552.6,-0.00176741828580778,0.000284063522602956,0.00437262365170338,0.385599605931525,0.736849835370674,0.000433286166065847,-0.00278054969680999,0.0038500096636632,-0.00106386228274331
554.5,-0.00208475490232338,-0.000574402614002702,0.0030393612527211,0.394564719762325,0.641179930313213,0,-0.00301694876851155,0.00347545777558333,-0.00128475380729682
556.3,-0.00120572358559432,0.000436023352521437,0.0026567300497502,0.403704399282788,0.556097689799699,-0.000221686577625343,-0.00201255410831977,0.00401006364017032,-0.00127008568243802
558.2,-0.00213784434047855,0,0.000991702356137455,0.413526135952272,0.481096929459261,0.000561520423844721,-0.00253126997424808,0.00370650472468703,-0.00156256693258699
560,-0.00185848589466499,0.00104544641195481,0.00158051618913343,0.424125173265951,0.417821916454777,0.00159460759208063,-0.00256724696458219,0.00361456562729282,-0.00146048142171197
561.9,-0.00267284987567554,0.0001516232852196,-0.000437599457154338,0.435261148322145,0.363054159306792,0.00138757441090624,-0.00311301431236665,0.00374288062843865,-0.0017981265819993
563.7,-0.00255615977950444,0.000308116570199485,0.00103752778528315,0.446909285627441,0.318333087829405,0.00223240519202467,-0.00279537619312052,0.00387775128696388,-0.0017309430915393
565.5,-0.00276200635364897,0.000783377075261103,0.000452196176084162,0.459008255681748,0.278940870047139,0.00334567710874681,-0.00306724464329963,0.00348856909034216,-0.00185810935661953
567.4,-0.00248031455036104,0.000956737188679048,-0.000613634615402791,0.472488154877169,0.245392615877154,0.00413470003190903,-0.00335006904938294,0.00409073020475359,-0.00179155201536298
569.2,-0.00134721393835026,0.000811963577919036,-0.000937401925695899,0.486345778808247,0.215064063430186,0.00594478070715092,-0.00317917305767241,0.00455913991921675,-0.00179077512653647
571.1,-0.00274565062887618,0,-0.00175125645914263,0.500346775676623,0.188429930744428,0.00858191498099517,-0.00363471239795229,0.0035244653118465,-0.00203141354171017
572.9,-0.00174948476693327,-0.000843539389372915,-0.00227233388403289,0.515423272652549,0.164950297909647,0.0115799203803047,-0.00378614993516112,0.00285818667038277,-0.00210613401332292
574.7,-0.00285485175867714,-0.000860327030823002,-0.00182090093508232,0.531928218978269,0.143936990178956,0.0153532154033119,-0.00320417294160828,0.00316486352047335,-0.00204060865871652
576.6,-0.00400455254243421,0,-0.00202649524419193,0.547641974137256,0.124162230584173,0.0199465326664694,-0.00393927951189184,0.00365349983636324,-0.00226435264075245
578.4,-0.00371450509714278,-0.000537303510137768,-0.00241229065965415,0.564142858906679,0.107468191367064,0.0260887820898244,-0.00307864475957834,0.00459471635255625,-0.00253396784961955
580.2,-0.00322169999855385,-0.000365507339732272,-0.00193401755650581,0.581530787571452,0.092371900575818,0.0355407453249001,-0.00349046602871147,0.00530760411904678,-0.00262365792533721
582.1,-0.00386737334539284,-0.00055941647652898,-0.00287037004489303,0.598179106834469,0.0768755789023576,0.0455077129695053,-0.00311631378943433,0.00442275026690848,-0.0027934371223195
583.9,-0.00276187301893615,0.000190246738602997,-0.00274534390007254,0.614848952345863,0.066879708333427,0.0600654647707498,-0.00281593447331144,0.00598547508148631,-0.00261239883503057
585.7,-0.00382312844318818,-0.00116424669065997,-0.00242683967688812,0.630359223534351,0.056298533720595,0.0778395802968669,-0.00287219478741417,0.00638680922837231,-0.00278570302012122
587.6,-0.0036931048757349,-0.000791414554540272,-0.00342626970775313,0.647992064043857,0.0465107040204092,0.0985329363765642,-0.00207839559621517,0.00574619358713774,-0.00263462713175336
589.4,-0.00334594572845152,0.000201669461617974,-0.00329823835609415,0.663685917576987,0.0401457910657719,0.126575697766623,-0.00221471053019715,0.00790676237590153,-0.00310493475568462
591.2,-0.00340879082309481,0.00123270384176186,-0.00276719127677143,0.678552025936708,0.033937967725812,0.160602928985693,-0.000294287973844097,0.00785631579289654,-0.0029495106089594
593.1,-0.00477253826583496,0.000209192225475325,-0.00301891312576712,0.693110268329087,0.0274682325504408,0.20357668349528,0.000399553982599457,0.00911340306891955,-0.00343855632757195
594.9,-0.00309063197585014,-0.000212894217163021,-0.00266253375607851,0.706032515844875,0.0213401642613843,0.258308823122877,0.00162638838843724,0.0116442066055377,-0.00305625745279351
596.7,-0.00426566635504334,-0.00151550037255726,-0.00333261537823607,0.717814278352356,0.0175760495989024,0.327420374765456,0.00351478909683859,0.0123659684936028,-0.00342348236526646
598.6,-0.00387881790824337,-0.000880103981069037,-0.00254017890622558,0.728040464797934,0.01258134415195,0.415649724311037,0.00504289113954824,0.0156560290806147,-0.00343347756181056
600.4,-0.00486607256687936,-0.000670357446677908,-0.00408455311047067,0.73686703894343,0.00899136841036101,0.52845963523809,0.00768209208479865,0.0171976478763125,-0.00367288686928858
602.2,-0.00446789066948955,-0.000226771736805134,-0.00305427598295658,0.744671725524502,0.00512258280759079,0.673778390172122,0.0107193876285609,0.0200868539986857,-0.00339704495445375
604,-0.00500758514208744,0.000459898229395029,-0.00376088120356926,0.750243774608897,0.00324659938623937,0.860020900811475,0.0158109460548574,0.0274927481613918,-0.00363616437804129
605.9,-0.00314109916465315,-0.000699003339576819,-0.00268999403232231,0.753378889914855,0.00131588269968156,1.09836418728938,0.0209161677002931,0.034060957226275,-0.00368444743884133
607.7,-0.00513751981973217,-0.0018873426713273,-0.00453938878039182,0.755089211271688,-0.00333086259442058,1.40159509868872,0.0279365877300581,0.039397262333117,-0.00368143264638023
609.5,-0.00519785377728398,-0.000716068135484809,-0.00413341554758543,0.751951252876322,-0.00471795299983086,1.76610117521156,0.0356726558756049,0.0489871497676621,-0.00352600849965502
611.3,-0.00450426882363773,-0.00144787468482907,-0.00417884346259906,0.740193453550996,-0.00715470277681264,2.17806153779135,0.0450521174067839,0.0589868457354618,-0.00356477177349137
613.1,-0.00530892159306444,-0.00146272224507385,-0.00492535910207215,0.724969115925845,-0.00998172584726999,2.64254580723125,0.0562238295005331,0.071156784084012,-0.00344918926867513
615,-0.00535969989619736,-0.00196896465917955,-0.00544605491339562,0.710935626607089,-0.0119884155735919,3.18926743658272,0.0701589170899451,0.0858952609726326,-0.00353339474118471
616.8,-0.00746741059157821,-0.00372467875975021,-0.00525566154469659,0.698008099068114,-0.0145492758281174,3.84393461720063,0.086790142754519,0.103247126691444,-0.00299655296670815
618.6,-0.00571188131766369,-0.00400593114428016,-0.0067444473727122,0.685657312523369,-0.0162605602283793,4.58705946772743,0.108908567986595,0.126401868449612,-0.00291720594820318
620.4,-0.00811068391358641,-0.00428914340676241,-0.00728196598210512,0.672380084987188,-0.0183452350243914,5.27629162513649,0.132999847849708,0.153634309044817,-0.00341216529818172
622.2,-0.00816906229535017,-0.00355765360537003,-0.00684541596225946,0.659206833292221,-0.0197330213198512,5.60769011305783,0.163199707644241,0.18241636313984,-0.00306661210536182
624.1,-0.00848939894290426,-0.00460494111479519,-0.00836830850280718,0.64529031679483,-0.0204077774912169,5.30442273855569,0.200579483343971,0.221538527704145,-0.0033002005443188
625.9,-0.00881018003950108,-0.00617884189098188,-0.0081736537826123,0.632275465795461,-0.0219910786345285,4.39047790676583,0.245859476173365,0.265811360345597,-0.00283901846526017
627.7,-0.011280250039427,-0.00621592119809982,-0.00897022440159637,0.619639557998639,-0.0235857409393022,3.20660047351644,0.302243520666127,0.324072366893892,-0.00334103938681105
629.5,-0.00999430340161829,-0.00703301213349005,-0.00952284854800817,0.608782205704446,-0.0235370437638739,2.14866273519081,0.36902493651594,0.394646257100425,-0.00265563791613609
631.3,-0.00896313717755969,-0.00654805122240185,-0.0100794796368713,0.596316883272114,-0.0236671903311958,1.40567192348426,0.444102845151444,0.472390677380335,-0.00321528775511642
633.1,-0.0106499324070146,-0.00711004127603992,-0.0101338595701393,0.583770329713835,-0.0232371756646696,0.933266300544308,0.530869362804138,0.565440079282896,-0.00219161497495066
634.9,-0.0112557386747199,-0.00688319035224682,-0.00967845147986793,0.57018726698846,-0.0248560730968233,0.631145298731965,0.634066007224231,0.673018816614266,-0.00214820196351085
636.7,-0.0115916754836742,-0.00745212906407944,-0.00998604791526819,0.555309786271106,-0.0255520841707912,0.427672779302929,0.755755797598781,0.79808740825758,-0.00160588718118184
638.6,-0.0119315901115609,-0.00722470403462354,-0.010297269679553,0.539902272456942,-0.0251230528271612,0.290596389484224,0.90407532897866,0.95392649680495,-0.000946459307094793
640.4,-0.0103232623606015,-0.0083407060528615,-0.01061283229816,0.524011839599019,-0.026021159448363,0.19801259575608,1.08570096630735,1.14190037851467,-0.000615782955534844
642.2,-0.0109431354405095,-0.00730577171355999,-0.0117144393615338,0.507181156458248,-0.0261690663399945,0.134134464898681,1.31060812858614,1.37117969853716,-5.62954515331915e-05
644,-0.0118545448700021,-0.0081655048419732,-0.0117836704227761,0.490384184234746,-0.0270923006432051,0.0925808176119658,1.58932849280912,1.66149058982116,0.00175557162687534
645.8,-0.010507842048051,-0.00520343636988841,-0.00948518010885267,0.473551064160197,-0.0266797286120529,0.0660007378090407,1.9292061450161,2.01403705480732,0.00324794027654123
647.6,-0.0102901509069175,-0.00578846983702637,-0.0111378371626752,0.456390176492448,-0.0278257082433173,0.0468785893239907,2.32814274469501,2.42616964854988,0.00453072287338272
649.4,-0.0120871028316152,-0.00499541215248567,-0.0104128349880301,0.438972598466704,-0.0272319173664195,0.0340760077185743,2.78079081244186,2.89341373515217,0.00664035868410276
651.2,-0.0113043391775434,-0.0053107941288316,-0.0102187049864895,0.42379821798401,-0.0274274927264495,0.0234489556803531,3.28190312219434,3.40898021187444,0.00820013113598542
653,-0.0116817875270895,-0.00450603656681802,-0.011650630393053,0.407880166543264,-0.0280323270758737,0.0150347936906662,3.82065485111119,3.94975399069096,0.010664538447243
654.8,-0.00941958634445257,-0.00369021262323535,-0.0106506915440989,0.392669028976079,-0.0276535662243058,0.0101748868450999,4.36629318088212,4.45265605661479,0.0134659647695844
656.6,-0.0103883074780064,-0.00314843504827716,-0.0101884939124518,0.377498182047365,-0.0282875371875464,0.00458401406029448,4.79878271277509,4.75581123953996,0.0162577437560502
658.4,-0.0113766510367971,-0.00317577435587453,-0.0113879689551426,0.363353446701624,-0.029144556039732,0.00154127604453242,4.91805880877167,4.67272627696002,0.0202433225803328
660.2,-0.0117815441147322,-0.00611761055253245,-0.00980928133101672,0.348183777624235,-0.0292022695297161,-0.0017773661157235,4.58679131117675,4.13314290958715,0.0243660280801728
662,-0.0112820722805022,-0.00529279888581493,-0.0107498633697692,0.333161299347065,-0.0296834321148887,-0.0020182724970659,3.84210779719931,3.27489623223473,0.0304064082784502
663.8,-0.0116990988173042,-0.0068284523468111,-0.010282609358362,0.319100313292176,-0.0295514550541755,-0.00498129149244599,2.91488282950196,2.37032264291099,0.0371866301420367
665.6,-0.0121264587943498,-0.00869546375897655,-0.0112503336620527,0.305486057814437,-0.0302688420551021,-0.0057168806350615,2.06238213418004,1.62859478077351,0.0459788201359592
667.4,-0.013506450849602,-0.00938987425325099,-0.0101993539985401,0.290672059222012,-0.0301496633200838,-0.0071611830009104,1.41925737036551,1.1163429083799,0.0562158378215072
669.2,-0.013964211141171,-0.00826330077211876,-0.0111886871704504,0.278036720043071,-0.0311112169601567,-0.0070022106882507,0.985964542709517,0.779223264307196,0.0682621368211607
671,-0.0137909649043114,-0.00958768334920533,-0.0124970492841994,0.265419982791973,-0.0314397980879298,-0.00849139334043889,0.695854637454838,0.551666083499461,0.0822391321036123
672.8,-0.0139383886517879,-0.010315352378428,-0.0117284477595482,0.252235399354936,-0.0313345220258592,-0.00834376889061214,0.495976546793677,0.39127752862486,0.096385883392335
674.6,-0.0140886346506858,-0.0101105946242792,-0.012462815367145,0.240410096963947,-0.0332336210992934,-0.00843371121084361,0.352721501207744,0.274980966184489,0.112281875243765
676.4,-0.0135788960435685,-0.00958136818691455,-0.0132123839151525,0.227448005580881,-0.0329172936876113,-0.0109608314190852,0.246896061885461,0.194015639508216,0.127984665279861
678.2,-0.0127219538442635,-0.0103310709955405,-0.0136664086562442,0.21636698338139,-0.0335025674754236,-0.0103411631375409,0.171111705599076,0.136738381302039,0.14616722647341
679.9,-0.0148904651686911,-0.010116791006088,-0.0135006770642991,0.204701056459512,-0.0334052033806562,-0.0104533354553341,0.119207504944461,0.0958862427129401,0.165542833806661
681.7,-0.0177880729252797,-0.0112158074154059,-0.0133292848711133,0.192686160620561,-0.0337663854444491,-0.0110695164557074,0.0800158933246945,0.0689798261517997,0.18730557700132
683.5,-0.0138302986445938,-0.00800218167928072,-0.0141141844751797,0.182086107917808,-0.0341295038979453,-0.00940855964760355,0.05683636895795,0.0506773101659325,0.213877957753436
685.3,-0.0164241032580182,-0.0114574663059498,-0.0136164967818207,0.171157719003973,-0.0347318269919731,-0.0113080260411962,0.0371691590802433,0.0373535761186056,0.246310747189257
687.1,-0.0162448347366294,-0.0122598680550712,-0.0131053731107977,0.161245247166805,-0.0336570853225265,-0.0101291432578844,0.0237409219296124,0.0298365555686143,0.285763828731414
688.9,-0.0146309513726358,-0.0110119405148717,-0.0145670961767016,0.151920726219248,-0.0361964032416032,-0.0115475920343361,0.0129808196000561,0.0211546266811178,0.335013826236576
690.7,-0.0147828196105397,-0.0128647378626962,-0.0123767615078333,0.143208484883524,-0.0353448758695917,-0.0100764364675492,0.00796895623524047,0.0139689866169517,0.393833470734599
692.4,-0.0156631620519449,-0.0115917872342975,-0.0121659359127455,0.133842779755111,-0.0349639819637413,-0.0109836066593055,0.00234814899699192,0.012582145293041,0.460512795132261
694.2,-0.0161902786166332,-0.0131289254513181,-0.0136550556526321,0.126109170409243,-0.0368221899327385,-0.0119070546162665,-0.00101657734474937,0.00893136365607903,0.534590652136569
696,-0.0152380465425651,-0.011110488721403,-0.0144819486496109,0.118573196392807,-0.0376983760173775,-0.0120267580982821,-0.00393604348630624,0.00763326354791408,0.61774187491322
697.8,-0.0168910636447718,-0.0115829776818856,-0.0132330546500204,0.111211422525965,-0.0360291627090281,-0.0121463934249654,-0.00829606977580916,0.00402981055934977,0.707182070717277
699.6,-0.0166782836655606,-0.0109659328748599,-0.0140666417849834,0.104211086554029,-0.0366418787696664,-0.0131022719608934,-0.00977402399718891,0.00283092472932936,0.804038887882747
701.3,-0.0145442838093017,-0.0110727561216343,-0.0124282157370892,0.0981945001328846,-0.0372593752923846,-0.011822473848845,-0.00916429755547714,0.00357315305994482,0.908325197254367
703.1,-0.0166166385833327,-0.0111795001814207,-0.0136235566328064,0.0923658419216206,-0.0391969298550821,-0.0125048336769108,-0.0128113406914452,0.00306644871274094,1.01663544288666
704.9,-0.0175552482942409,-0.0124146390230627,-0.0133914719819353,0.0868430188995503,-0.0385082104985906,-0.0131978370960421,-0.0118556556189897,0.000728397492485732,1.128393683466
706.7,-0.0149639770403601,-0.0136707228230233,-0.0142481944393851,0.0818580271623809,-0.0391387625237613,-0.012453240090337,-0.0143244258833981,0.00147046592901878,1.24425702779535
708.4,-0.016692639369641,-0.0137976199712486,-0.0140117053319305,0.07605727184288,-0.0403136972323074,-0.0137380021824235,-0.0131763559173041,-0.000742068436533044,1.37231149711604
710.2,-0.0164439034628722,-0.0127632399408629,-0.0126512052646184,0.0726370759004075,-0.0382243478705273,-0.012683525599058,-0.0149586657476832,0.00187211986406963,1.51535992078844
712,-0.0153770035357774,-0.0132676016640043,-0.0131397819340701,0.0672863816342208,-0.039943559366137,-0.013392159307737,-0.0149061279205286,0.0020777436540678,1.67278310682247
713.8,-0.014694752032721,-0.0110215617339103,-0.0124969856819383,0.064675653861819,-0.0391804554145598,-0.0129085745064116,-0.0155999910274662,0.00342956817392744,1.84502979548061
715.5,-0.0164655481312536,-0.0107178004480493,-0.0114569615079057,0.0603855537915707,-0.0406326569237424,-0.0139259405113234,-0.0166796179948999,0.00230575261560542,2.02738531516792
717.3,-0.0161845452239819,-0.0120055590431988,-0.0119351869093582,0.0566971326712184,-0.0395507294331313,-0.0128184390794052,-0.0166242460015461,0.00271188358496417,2.21165638760359
719.1,-0.0154736267576688,-0.012098663144307,-0.0128037234868132,0.054406699228429,-0.0398574051523861,-0.0123026963204421,-0.0171382664578012,0.00546589926064724,2.39503113904986
720.8,-0.0172716675825213,-0.0121870160261369,-0.0136788746994261,0.0504432701311801,-0.0430162316241071,-0.0151808732862934,-0.0168754927200522,0.0055057928342122,2.57007114887676
722.6,-0.0190851752340611,-0.0110426452694579,-0.0118042139531218,0.0465925898367469,-0.0409980294558775,-0.014348015125221,-0.0179662871483303,0.00554312810245837,2.7301948932346
724.4,-0.0170693099333623,-0.0123453504085871,-0.0122729785182309,0.0446117688305079,-0.0415415800968023,-0.0138088950872687,-0.0172912268305797,0.00418298909031264,2.85715360144924
726.1,-0.0171629109017631,-0.0144818747343156,-0.0135344975666561,0.0411750829694681,-0.0432298396132487,-0.0129379380954238,-0.0169909109659389,0.00480681585289262,2.93299766302152
727.9,-0.0168127295009891,-0.0124715546706677,-0.0119984870597499,0.0396404239224978,-0.0419662545635999,-0.0142671147457453,-0.0184604895916853,0.0034208539464353,2.93739578140804
729.7,-0.0168776412836811,-0.0121023849327417,-0.0116433320335881,0.0357172854637191,-0.0424229248446352,-0.0140039442891751,-0.0171369128261837,0.00161604949106647,2.86295127925904
731.4,-0.0173612018421811,-0.0125564431217738,-0.0128855159946292,0.0340815748960696,-0.0416610008805334,-0.014045030595348,-0.0181864637911158,0.0052675506513994,2.7106799097268
733.2,-0.0169600199137528,-0.0121614584257689,-0.0141208786131638,0.0316738437074115,-0.0414457893186688,-0.0137524624720995,-0.0178212582108107,0.00527770392563337,2.48620194168014
735,-0.0174104912410208,-0.0117526160068689,-0.0133259139512733,0.0280083703801395,-0.0420755698135672,-0.0134446843505193,-0.0178372479842925,0.00467298450590314,2.21420968491103
736.7,-0.0156665176422175,-0.0121700898074578,-0.0125159391557556,0.0262986176411885,-0.0426602233515527,-0.0150424270878871,-0.017433146645478,0.00304702158172634,1.91159757255721
738.5,-0.0173849131986112,-0.0121544899708273,-0.0137095627904223,0.0231033913020287,-0.0414220382887147,-0.0134249420225877,-0.0178110425221973,0.00121727364949926,1.59896359434137
740.2,-0.0186446817878026,-0.0150527139338596,-0.0156885471455486,0.0205822208459844,-0.0439808260011359,-0.0146687881968321,-0.0187672563570033,-0.00101196964766594,1.29852677070179
742,-0.0177171388580586,-0.0141681952782111,-0.014031676441926,0.0182958895750555,-0.0438315273294052,-0.0136655871418229,-0.0173107487365635,-0.000806825539915048,1.03028410407939
743.8,-0.0180705425143924,-0.0141067263787978,-0.0167649836140793,0.0166516497391815,-0.0421769428401421,-0.014555593549054,-0.0172356644827798,-0.00100413483762713,0.801971204068658
745.5,-0.0205457236783098,-0.0132085677644711,-0.016678675345723,0.0143704360291872,-0.0428339689432872,-0.0151102530027775,-0.018526563735015,0,0.615085842754993
747.3,-0.0182992115468816,-0.012311497971229,-0.0153978689116094,0.0130571318004249,-0.0411380092521613,-0.0134580768733222,-0.01685193106971,-0.00198644413300329,0.466547829871598
749,-0.0156487619029601,-0.0110120394986067,-0.0168724714353926,0.0112017316526494,-0.0408843875851671,-0.0133750977562104,-0.0186954715802873,-0.00276384916175219,0.352590646052557
750.8,-0.0172320893952654,-0.014185596618818,-0.0167669552841744,0.0103869428438292,-0.0406287085041131,-0.0132914598042194,-0.0166432814461673,-0.00255039056171522,0.264623292319303
752.5,-0.0192178210508666,-0.0136978047729098,-0.0162789987367687,0.0106754351876331,-0.0409543094071084,-0.0144409108431867,-0.0165436626193163,-0.00175507739573475,0.198327194424869
754.3,-0.0182847225080883,-0.0112206972119132,-0.0169636929784213,0.00906860228525814,-0.041019889480262,-0.0134474105638125,-0.0172212609963497,-0.00329757560888585,0.147831044051267
756,-0.0153118473061119,-0.0139675156539428,-0.0165091912203711,0.00856773116266353,-0.0394406880370253,-0.0124784234856329,-0.0179118457767137,-0.00251121651152116,0.108938342855496
757.8,-0.0165118374990549,-0.0135344222199763,-0.0168507671637812,0.00754535621148353,-0.0407468434040569,-0.013661486462661,-0.0165364079998662,-0.00115611416297181,0.0802565002229938
759.5,-0.0181567656286838,-0.0143256388070467,-0.0164621414476987,0.00608039347057652,-0.0410137626222166,-0.0139602794395957,-0.0182407994102624,-0.00481545013334355,0.0587848816218761
761.3,-0.0169582198951297,-0.0135612864056459,-0.0153492926846698,0.0063645399491422,-0.0399829981782964,-0.0130802237108847,-0.0163787733679084,-0.00250985741182055,0.0419091633880789
763,-0.0182985226508654,-0.0136354054263878,-0.0158189953831306,0.00496431841561565,-0.0402015076538744,-0.0152926821089808,-0.0168512754043952,-0.00388246816239541,0.0298722218404105
764.8,-0.0159452983042755,-0.0121393652561247,-0.0159611623373261,0.00481326913691557,-0.0402771478766583,-0.013269900000759,-0.0173891536179089,-0.00352558457042348,0.0211321529699981
766.5,-0.0165737492507084,-0.0135237121798531,-0.0169533894121179,0.00332905461915892,-0.0419483580868893,-0.0143768675492407,-0.0162413163072492,-0.00555424074118689,0.0130457490819298
768.3,-0.0181458099597803,-0.0149987677983036,-0.020041454096301,0.00362623869343923,-0.043234983148398,-0.0155694609135729,-0.0187000189365024,-0.0050417002599745,0.00710824287870952
770,-0.0185166137961374,-0.0161555511153472,-0.0188149162914984,0.00238466154888889,-0.0435182255266344,-0.0149149084610977,-0.020097157120218,-0.00493896831201663,0.00300754536383554
771.7,-0.0176056043707832,-0.0139303571598369,-0.0196841206926954,0.00109458942214766,-0.0448672991560735,-0.0162679394777347,-0.018499639156123,-0.00421432833046788,9.05713227447494e-05
773.5,-0.0190072410944169,-0.0147528130136622,-0.0180641074993989,0.00116733189543398,-0.045445266098365,-0.0156835188622271,-0.0202789667668447,-0.00540985638475738,-0.00325555842518331
775.2,-0.0190862419117637,-0.0151844810818452,-0.0181499705519273,0.000978956914360854,-0.0467749607027269,-0.0150896473739697,-0.0206526113942653,-0.00400910427567578,-0.00478686427901984
777,-0.0196728479808227,-0.0142283377955759,-0.0177952289404628,-0.000687987021215554,-0.0485473926590872,-0.0177236692209709,-0.0185698164952932,-0.00459143852386654,-0.00611815024841814
778.7,-0.0197804935389741,-0.0156512289856998,-0.0207041419556019,-0.000614879007862464,-0.049028857805151,-0.0167855451491148,-0.0212520586958816,-0.00331444443458166,-0.00824288321215491
780.4,-0.0209116607976489,-0.0166367506445067,-0.0203708820078348,-0.00209645351402581,-0.0501809189103272,-0.01768629738041,-0.0211835310952452,-0.00439253028533021,-0.00870618724129192
782.2,-0.0226000560436577,-0.0160859853464137,-0.0214664627569663,-0.00160581751330063,-0.0523825788748968,-0.0185997946588509,-0.023290289503946,-0.00401877786766247,-0.0110123875204755
783.9,-0.0226554121719309,-0.0181172701651273,-0.0235818421610904,-0.00195819813766253,-0.0541678091569522,-0.0207256617072217,-0.0246800884662355,-0.00386895711243052,-0.0117520900415171
785.7,-0.0243267850196028,-0.0169123411593967,-0.0220443688021782,-0.00216314426842902,-0.0558438300853522,-0.0178910246395072,-0.0239657516810831,-0.00528154138361156,-0.0121456711973134
787.4,-0.0230916833522834,-0.017814399732881,-0.0262435967894701,-0.00457615548027372,-0.0554121967180584,-0.0199546204325725,-0.0231260559178529,-0.0113177028892265,-0.013088663493078
789.1,-0.0234885541249971,-0.020951906976818,-0.0245154915533795,-0.00394291823794703,-0.057164039405777,-0.0215931654955619,-0.023523516001544,-0.00767475606230329,-0.0137848950259016
790.9,-0.0244348528043447,-0.0195402603389861,-0.0215636470119762,-0.00238990095651252,-0.0563938101452136,-0.0201620171088527,-0.024697622225781,-0.00556375443909116,-0.0136317667595891
792.6,-0.0223761203934737,-0.0180788446792138,-0.0224426938630834,-0.00214316141144584,-0.0568136890218867,-0.0195697813485713,-0.0225556270940369,-0.00846871012858315,-0.0135900930514922
794.3,-0.0270959470028398,-0.0207847828387028,-0.0262809631178852,-0.00390522699550722,-0.0591100656734263,-0.0203804776674144,-0.0246693440152715,-0.0031619854269897,-0.0140856785506742
